study,problem,complexity,o1_p1,o1_1,o1_p2,o1_2,o1_p3,o1_3,o2_p1,o2_1,o2_p2,o2_2,o2_p3,o2_3,o1_ev,o2_ev,long,o1_rwp,o2_rwp,short
s1,18,low,0.34,9,0.6599999999999999,65,0,0,1,55,0,0,0,0,45.959999999999994,55,o2,0.6599999999999999,0.34,o1
s1,3,low,0.45,71,0.55,40,0,0,1,65,0,0,0,0,53.95,65,o2,0.45,0.55,o2
s1,35,low,1,73,0,0,0,0,0.36,121,0.64,69,0,0,73,87.72,o2,0.64,0.36,o1
s1,22,low,1,13,0,0,0,0,0.4300000000000001,5,0.57,15,0,0,13,10.7,o1,0.4300000000000001,0.57,o2
s1,21,low,0.27,106,0.73,5,0,0,1,39,0,0,0,0,32.27,39,o2,0.27,0.73,o2
s1,17,low,1,77,0,0,0,0,0.41,41,0.59,81,0,0,77,64.6,o1,0.41,0.59,o2
s1,33,low,1,25,0,0,0,0,0.3,59,0.7,18,0,0,25,30.299999999999997,o2,0.7,0.3,o1
s1,7,low,0.73,47,0.27,25,0,0,1,34,0,0,0,0,41.06,34,o1,0.73,0.27,o1
s1,12,low,0.63,24,0.37,56,0,0,1,30,0,0,0,0,35.84,30,o1,0.37,0.63,o2
s1,8,low,0.66,40,0.33999999999999997,16,0,0,1,26,0,0,0,0,31.840000000000003,26,o1,0.66,0.33999999999999997,o1
s1,6,low,1,51,0,0,0,0,0.37,24,0.63,54,0,0,51,42.900000000000006,o1,0.37,0.63,o2
s1,23,low,0.45,81,0.55,48,0,0,1,75,0,0,0,0,62.85000000000001,75,o2,0.45,0.55,o2
s1,1,low,0.3,91,0.7,4,0,0,1,36,0,0,0,0,30.1,36,o2,0.3,0.7,o2
s1,40,low,0.4300000000000001,13,0.57,68,0,0,1,53,0,0,0,0,44.35,53,o2,0.57,0.4300000000000001,o1
s1,30,low,0.59,76,0.41,47,0,0,1,54,0,0,0,0,64.11,54,o1,0.59,0.41,o1
s1,28,low,0.63,47,0.37,20,0,0,1,31,0,0,0,0,37.01,31,o1,0.63,0.37,o1
s1,32,low,0.6,28,0.4,66,0,0,1,36,0,0,0,0,43.2,36,o1,0.4,0.6,o2
s1,10,low,0.62,65,0.38,38,0,0,1,46,0,0,0,0,54.739999999999995,46,o1,0.62,0.38,o1
s1,38,low,0.31000000000000005,7,0.69,76,0,0,1,65,0,0,0,0,54.61,65,o2,0.69,0.31000000000000005,o1
s1,20,low,0.46,11,0.54,58,0,0,1,43,0,0,0,0,36.38,43,o2,0.54,0.46,o1
s1,15,low,1,62,0,0,0,0,0.39,103,0.61,57,0,0,62,74.94,o2,0.61,0.39,o1
s1,16,low,1,15,0,0,0,0,0.72,20,0.28,13,0,0,15,18.04,o2,0.28,0.72,o2
s1,34,low,0.76,35,0.24,102,0,0,1,43,0,0,0,0,51.08,43,o1,0.24,0.76,o2
s1,25,low,0.53,15,0.47,27,0,0,1,25,0,0,0,0,20.64,25,o2,0.47,0.53,o2
s1,26,low,1,60,0,0,0,0,0.33999999999999997,26,0.66,63,0,0,60,50.42,o1,0.33999999999999997,0.66,o2
s1,39,low,1,62,0,0,0,0,0.23,71,0.77,46,0,0,62,51.75,o1,0.77,0.23,o1
s1,2,low,1,11,0,0,0,0,0.4,5,0.6,12,0,0,11,9.2,o1,0.4,0.6,o2
s1,24,low,1,26,0,0,0,0,0.72,18,0.28,31,0,0,26,21.64,o1,0.72,0.28,o1
s1,13,low,1,19,0,0,0,0,0.23,49,0.77,15,0,0,19,22.82,o2,0.77,0.23,o1
s1,31,low,1,21,0,0,0,0,0.64,9,0.36,54,0,0,21,25.199999999999996,o2,0.64,0.36,o1
s1,14,low,0.79,30,0.20999999999999996,97,0,0,1,37,0,0,0,0,44.07,37,o1,0.20999999999999996,0.79,o2
s1,37,low,1,92,0,0,0,0,0.45,50,0.55,97,0,0,92,75.85,o1,0.45,0.55,o2
s1,11,low,1,18,0,0,0,0,0.71,11,0.29,48,0,0,18,21.729999999999997,o2,0.71,0.29,o1
s1,29,low,1,34,0,0,0,0,0.38,22,0.62,53,0,0,34,41.22,o2,0.38,0.62,o2
s1,36,low,1,17,0,0,0,0,0.69,23,0.31000000000000005,14,0,0,17,20.21,o2,0.31000000000000005,0.69,o2
s1,5,low,0.56,13,0.43999999999999995,23,0,0,1,21,0,0,0,0,17.4,21,o2,0.43999999999999995,0.56,o2
s1,19,low,1,53,0,0,0,0,0.26,61,0.74,39,0,0,53,44.72,o1,0.74,0.26,o1
s1,4,low,1,21,0,0,0,0,0.75,14,0.25,28,0,0,21,17.5,o1,0.75,0.25,o1
s1,27,low,0.7,55,0.30000000000000004,29,0,0,1,39,0,0,0,0,47.2,39,o1,0.7,0.30000000000000004,o1
s1,9,low,1,29,0,0,0,0,0.41,20,0.5900000000000001,45,0,0,29,34.75,o2,0.41,0.5900000000000001,o2
s1,49,medium,0.6,2,0.4,94,0,0,0.6,2,0.4,78,0,0,38.8,32.400000000000006,o1,0.4,0.24,o2
s1,66,medium,0.57,22,0.43,4,0,0,0.5,13,0.5,21,0,0,14.26,17,o2,0.57,0.43,o1
s1,46,medium,0.56,19,0.44,1,0,0,0.53,9,0.47,18,0,0,11.08,13.23,o2,0.56,0.44,o1
s1,65,medium,0.51,51,0.49,48,0,0,0.3,103,0.7,40,0,0,49.53,58.9,o2,0.7,0.3,o1
s1,53,medium,0.6,2,0.4,34,0,0,0.21,61,0.79,6,0,0,14.8,17.549999999999997,o2,0.31600000000000006,0.6839999999999999,o2
s1,44,medium,0.35,64,0.65,69,0,0,0.6,63,0.4,109,0,0,67.25,81.4,o2,0.6,0.4,o1
s1,58,medium,0.38,79,0.62,77,0,0,0.25,18,0.75,80,0,0,77.76,64.5,o1,0.25,0.75,o2
s1,68,medium,0.5599999999999999,73,0.44000000000000006,106,0,0,0.69,54,0.31000000000000005,118,0,0,87.52000000000001,73.84,o1,0.69,0.31000000000000005,o1
s1,73,medium,0.62,2,0.38,52,0,0,0.25,75,0.75,9,0,0,21,25.5,o2,0.28500000000000003,0.715,o2
s1,56,medium,0.36,72,0.64,61,0,0,0.43,28,0.5700000000000001,114,0,0,64.96,77.02000000000001,o2,0.43,0.5700000000000001,o2
s1,41,medium,0.62,56,0.38,49,0,0,0.45,52,0.55,74,0,0,53.34,64.10000000000001,o2,0.279,0.7210000000000001,o2
s1,52,medium,0.65,5,0.35,37,0,0,0.5,8,0.5,19,0,0,16.2,13.5,o1,0.35,0.65,o2
s1,61,medium,0.59,68,0.41,57,0,0,0.42,61,0.58,87,0,0,63.489999999999995,76.08,o2,0.2478,0.7522,o2
s1,69,medium,0.57,2,0.4300000000000001,110,0,0,0.57,3,0.4300000000000001,91,0,0,48.440000000000005,40.84,o1,0.4300000000000001,0.57,o2
s1,48,medium,0.59,61,0.41,91,0,0,0.72,46,0.28,101,0,0,73.3,61.4,o1,0.72,0.28,o1
s1,43,medium,0.47,75,0.53,17,0,0,0.65,15,0.35,124,0,0,44.26,53.15,o2,0.65,0.35,o1
s1,79,medium,0.24,2,0.76,44,0,0,0.59,21,0.41,39,0,0,33.919999999999995,28.380000000000003,o1,0.76,0.24,o1
s1,45,medium,0.54,47,0.46,41,0,0,0.27,104,0.73,34,0,0,44.24,52.900000000000006,o2,0.73,0.27,o1
s1,77,medium,0.62,97,0.38,109,0,0,0.39,111,0.61,67,0,0,101.56,84.16,o1,0.61,0.39,o1
s1,55,medium,0.76,55,0.24,16,0,0,0.42,94,0.5800000000000001,27,0,0,45.64,55.14,o2,0.4408000000000001,0.5592,o2
s1,63,medium,0.29,87,0.71,20,0,0,0.69,18,0.31,111,0,0,39.42999999999999,46.83,o2,0.69,0.31,o1
s1,80,medium,0.65,104,0.35,69,0,0,0.18,9,0.8200000000000001,92,0,0,91.75,77.06000000000002,o1,0.7130000000000001,0.287,o1
s1,70,medium,0.68,82,0.32,97,0,0,0.6,92,0.4,42,0,0,86.80000000000001,72,o1,0.5920000000000001,0.408,o1
s1,57,medium,0.65,79,0.35,93,0,0,0.34,95,0.66,57,0,0,83.9,69.92000000000002,o1,0.66,0.34,o1
s1,78,medium,0.35,92,0.65,90,0,0,0.22,11,0.78,94,0,0,90.7,75.74000000000001,o1,0.22000000000000003,0.78,o2
s1,47,medium,0.65,14,0.35,59,0,0,0.65,16,0.35,41,0,0,29.75,24.75,o1,0.35,0.65,o2
s1,72,medium,0.62,6,0.38,40,0,0,0.47,9,0.53,22,0,0,18.92,15.89,o1,0.38,0.62,o2
s1,54,medium,0.26,23,0.74,48,0,0,0.67,70,0.32999999999999996,9,0,0,41.5,49.870000000000005,o2,0.32999999999999996,0.67,o2
s1,75,medium,0.73,64,0.27,19,0,0,0.39,110,0.61,32,0,0,51.85,62.42,o2,0.4453,0.5547,o2
s1,62,medium,0.57,41,0.4300000000000001,27,0,0,0.30000000000000004,85,0.7,23,0,0,34.98,41.6,o2,0.7,0.30000000000000004,o1
s1,71,medium,0.5,66,0.5,65,0,0,0.54,43,0.46,69,0,0,65.5,54.96000000000001,o1,0.54,0.46,o1
s1,42,medium,0.6,37,0.4,23,0,0,0.33,73,0.6699999999999999,20,0,0,31.4,37.489999999999995,o2,0.6699999999999999,0.33,o1
s1,50,medium,0.77,73,0.23,107,0,0,0.78,78,0.22,33,0,0,80.82,68.10000000000001,o1,0.3994,0.6006,o2
s1,59,medium,0.27,2,0.73,38,0,0,0.62,18,0.38,33,0,0,28.28,23.700000000000003,o1,0.73,0.27,o1
s1,76,medium,0.32999999999999996,84,0.67,71,0,0,0.4,33,0.6,129,0,0,75.28999999999999,90.6,o2,0.4,0.6,o2
s1,51,medium,0.2,88,0.8,54,0,0,0.25,23,0.75,60,0,0,60.8,50.75,o1,0.4,0.6000000000000001,o2
s1,60,medium,0.59,89,0.41,65,0,0,0.21,8,0.79,82,0,0,79.16,66.46000000000001,o1,0.6761,0.3239,o1
s1,67,medium,0.62,16,0.38,69,0,0,0.62,19,0.38,48,0,0,36.14,30.020000000000003,o1,0.38,0.62,o2
s1,64,medium,0.31999999999999995,75,0.68,81,0,0,0.57,74,0.4300000000000001,125,0,0,79.08,95.93,o2,0.57,0.4300000000000001,o1
s1,74,medium,0.23,22,0.77,56,0,0,0.64,82,0.36,13,0,0,48.18000000000001,57.16,o2,0.36,0.64,o2
s1,84,high,0.3,17,0.39,10,0.30999999999999994,25,0.25,2,0.31,21,0.44,30,16.75,20.21,o2,0.34609999999999996,0.6538999999999999,o2
s1,117,high,0.22,34,0.2,115,0.58,94,0.5,89,0.24,79,0.26,28,85,70.74,o1,0.8371999999999999,0.1628,o1
s1,109,high,0.36,88,0.27,71,0.37,68,0.2,66,0.34,74,0.46,56,76.01,64.12,o1,0.7824,0.2176,o1
s1,101,high,0.28,1,0.28,81,0.43999999999999995,97,0.38,97,0.4,26,0.21999999999999997,141,65.64,78.28,o2,0.28800000000000003,0.5448,o2
s1,115,high,0.52,36,0.22,41,0.26,91,0.34,72,0.41,48,0.24999999999999992,68,51.4,61.16,o2,0.26,0.74,o2
s1,116,high,0.29000000000000004,90,0.43999999999999995,77,0.27,118,0.41,138,0.38,82,0.21000000000000008,110,91.84,110.84,o2,0.2695000000000001,0.7305,o2
s1,110,high,0.37,89,0.22,92,0.41,102,0.38,107,0.38,33,0.24,108,94.99,79.12,o1,0.38,0.62,o2
s1,91,high,0.22,35,0.31,109,0.47,52,0.34,97,0.36,23,0.29999999999999993,45,65.93,54.760000000000005,o1,0.6994,0.30060000000000003,o1
s1,96,high,0.32,77,0.47,66,0.20999999999999996,101,0.41,115,0.38,68,0.21000000000000008,94,76.86999999999999,92.73,o2,0.2455,0.7545,o2
s1,82,high,0.25,4,0.2,50,0.55,8,0.36,22,0.23,5,0.41,23,15.4,18.5,o2,0.32650000000000007,0.6735000000000001,o2
s1,108,high,0.31999999999999995,32,0.24,108,0.44000000000000006,55,0.23,114,0.35,14,0.42,47,60.36,50.86,o1,0.6356,0.3644,o1
s1,87,high,0.38,19,0.23,114,0.39,31,0.24,58,0.3,19,0.46,40,45.53,38.02,o1,0.347,0.539,o2
s1,86,high,0.42,74,0.2,72,0.38000000000000006,2,0.4,2,0.4,70,0.19999999999999996,130,46.239999999999995,54.8,o2,0.4960000000000001,0.352,o1
s1,90,high,0.4,79,0.25,79,0.35,87,0.41,92,0.35,27,0.24,90,81.8,68.77,o1,0.35,0.65,o2
s1,99,high,0.22,4,0.28,66,0.5,55,0.43,50,0.37,35,0.20000000000000007,107,46.86,55.85000000000001,o2,0.624,0.37600000000000006,o1
s1,119,high,0.22,5,0.2,85,0.58,64,0.43,60,0.37,42,0.20000000000000007,125,55.22,66.34,o2,0.624,0.37600000000000006,o1
s1,114,high,0.27,14,0.47,140,0.26,121,0.28,131,0.42,120,0.3,111,101.04,120.38,o2,0.6572,0.3428,o1
s1,85,high,0.36,72,0.43,60,0.21,21,0.26,54,0.26,95,0.48,59,56.129999999999995,67.06,o2,0.5846,0.4154,o1
s1,113,high,0.22,57,0.47,116,0.31000000000000005,81,0.31,116,0.4,33,0.2899999999999999,94,92.17,76.42,o1,0.5363,0.318,o1
s1,94,high,0.3,12,0.5,120,0.19999999999999996,103,0.28,109,0.42,100,0.3,95,84.19999999999999,101.02,o2,0.6439999999999999,0.356,o1
s1,111,high,0.2,50,0.27,128,0.53,64,0.34,116,0.36,27,0.29999999999999993,53,78.48,65.06,o1,0.6918,0.30820000000000003,o1
s1,81,high,0.31,1,0.31,75,0.3799999999999999,83,0.38,81,0.4,22,0.21999999999999997,120,55.099999999999994,65.97999999999999,o2,0.4204,0.5796,o2
s1,88,high,0.35,27,0.27,92,0.38,47,0.23,95,0.35,12,0.42,40,52.150000000000006,42.85,o1,0.623,0.377,o1
s1,112,high,0.29000000000000004,51,0.2,112,0.51,47,0.21,61,0.3,31,0.4900000000000001,59,61.16,51.02,o1,0.44,0.56,o2
s1,92,high,0.38,34,0.2,96,0.42,40,0.21,49,0.3,26,0.4900000000000001,47,48.92,41.120000000000005,o1,0.44,0.56,o2
s1,106,high,0.4,85,0.22,83,0.38,2,0.45,2,0.35,82,0.2,168,53.02,63.2,o2,0.496,0.333,o1
s1,97,high,0.25,29,0.2,98,0.55,80,0.5,74,0.24,66,0.26,24,70.85,59.080000000000005,o1,0.8150000000000001,0.185,o1
s1,93,high,0.25,49,0.5,99,0.25,69,0.31,97,0.4,33,0.2899999999999999,80,79,66.47,o1,0.7,0.29999999999999993,o1
s1,120,high,0.47,9,0.2,27,0.32999999999999996,115,0.4,24,0.34,38,0.25999999999999995,66,47.58,39.68,o1,0.41,0.59,o2
s1,105,high,0.32999999999999996,84,0.4,70,0.27,25,0.26,65,0.26,99,0.48,69,62.47,75.75999999999999,o2,0.5402,0.4598,o1
s1,89,high,0.39,66,0.3,76,0.31,52,0.2,55,0.34,62,0.46,48,64.66000000000001,54.16,o1,0.8326,0.1674,o1
s1,118,high,0.33999999999999997,103,0.24,121,0.42,91,0.23,8,0.31,114,0.46,106,102.28,85.94,o1,0.41480000000000006,0.5852,o2
s1,95,high,0.55,31,0.25,35,0.19999999999999996,86,0.34,60,0.41,40,0.24999999999999992,58,43,51.3,o2,0.19999999999999996,0.8,o2
s1,104,high,0.27,20,0.36,12,0.37,29,0.25,5,0.31,25,0.44,35,20.450000000000003,24.4,o2,0.3647,0.6353,o2
s1,98,high,0.37,88,0.27,100,0.36,78,0.23,9,0.31,95,0.46,91,87.64,73.38,o1,0.4379,0.5620999999999999,o2
s1,103,high,0.2,23,0.6,71,0.2,46,0.52,40,0.2,139,0.28,67,56.400000000000006,67.36,o2,0.5840000000000001,0.416,o1
s1,100,high,0.53,8,0.2,23,0.26999999999999996,115,0.4,20,0.34,32,0.25999999999999995,56,39.89,33.44,o1,0.35,0.65,o2
s1,102,high,0.22,5,0.21,53,0.57,9,0.36,23,0.23,6,0.41,27,17.36,20.73,o2,0.3411,0.6588999999999999,o2
s1,83,high,0.2,20,0.6,61,0.20000000000000007,39,0.31,27,0.2,99,0.48999999999999994,60,48.400000000000006,57.56999999999999,o2,0.5419999999999999,0.458,o1
s1,107,high,0.35,22,0.2,147,0.45,38,0.24,70,0.3,22,0.46,47,54.2,45.02,o1,0.335,0.56,o2
s3,126,high,0.42,74,0.2,72,0.3800000000000001,2,0.4,2,0.4,70,0.2,130,46.23999999999999,54.8,o2,0.4960000000000001,0.3520000000000001,o1
s3,139,high,0.22,4,0.28,66,0.5,55,0.43,50,0.37,35,0.2000000000000001,107,46.86,55.85000000000001,o2,0.624,0.3760000000000001,o1
s3,128,high,0.35,27,0.27,92,0.38,47,0.23,95,0.35,12,0.42,40,52.15000000000001,42.85,o1,0.623,0.377,o1
s3,137,high,0.25,29,0.2,98,0.55,80,0.5,74,0.24,66,0.26,24,70.85,59.08000000000001,o1,0.8150000000000001,0.185,o1
s3,134,high,0.3,12,0.5,120,0.2,103,0.28,109,0.42,100,0.3,95,84.19999999999999,101.02,o2,0.644,0.356,o1
s3,133,high,0.25,49,0.5,99,0.25,69,0.31,97,0.4,33,0.2899999999999999,80,79,66.47,o1,0.7,0.29999999999999993,o1
s3,140,high,0.53,8,0.2,23,0.27,115,0.4,20,0.34,32,0.26,56,39.89,33.44,o1,0.35000000000000003,0.65,o2
s3,135,high,0.55,31,0.25,35,0.2,86,0.34,60,0.41,40,0.2499999999999999,58,43,51.3,o2,0.2,0.7999999999999999,o2
s3,127,high,0.38,19,0.23,114,0.39,31,0.24,58,0.3,19,0.46,40,45.53,38.02,o1,0.347,0.539,o2
s3,132,high,0.38,34,0.2,96,0.42,40,0.21,49,0.3,26,0.49,47,48.92,41.12,o1,0.44,0.5599999999999999,o2
s3,138,high,0.37,88,0.27,100,0.36,78,0.23,9,0.31,95,0.46,91,87.64,73.38,o1,0.43790000000000007,0.5621,o2
s3,129,high,0.39,66,0.3,76,0.31,52,0.2,55,0.34,62,0.46,48,64.66000000000001,54.16,o1,0.8326,0.1674,o1
s3,124,high,0.3,17,0.39,10,0.3099999999999999,25,0.25,2,0.31,21,0.44,30,16.75,20.21,o2,0.34609999999999996,0.6538999999999999,o2
s3,136,high,0.32,77,0.47,66,0.21,101,0.41,115,0.38,68,0.2100000000000001,94,76.86999999999999,92.73,o2,0.2455,0.7545000000000001,o2
s3,131,high,0.22,35,0.31,109,0.47,52,0.34,97,0.36,23,0.2999999999999999,45,65.93,54.76000000000001,o1,0.6993999999999999,0.3006,o1
s3,125,high,0.36,72,0.43,60,0.21,21,0.26,54,0.26,95,0.48,59,56.13,67.06,o2,0.5846,0.4154,o1
s3,121,high,0.31,1,0.31,75,0.3799999999999999,83,0.38,81,0.4,22,0.22,120,55.09999999999999,65.97999999999999,o2,0.42039999999999994,0.5796,o2
s3,122,high,0.25,4,0.2,50,0.55,8,0.36,22,0.23,5,0.41,23,15.4,18.5,o2,0.3265,0.6735,o2
s3,130,high,0.4,79,0.25,79,0.35,87,0.41,92,0.35,27,0.24,90,81.8,68.77,o1,0.35,0.65,o2
s3,123,high,0.2,20,0.6,61,0.2000000000000001,39,0.31,27,0.2,99,0.4899999999999999,60,48.40000000000001,57.56999999999999,o2,0.5419999999999999,0.458,o1
s3,145,high,0.33,84,0.4,70,0.27,25,0.26,65,0.26,99,0.48,69,62.47,75.75999999999999,o2,0.5402,0.4598,o1
s3,146,high,0.4,85,0.22,83,0.38,2,0.45,2,0.35,82,0.2,168,53.02,63.2,o2,0.496,0.333,o1
s3,141,high,0.28,1,0.28,81,0.4399999999999999,97,0.38,97,0.4,26,0.22,141,65.64,78.28,o2,0.288,0.5448000000000001,o2
s3,142,high,0.22,5,0.21,53,0.57,9,0.36,23,0.23,6,0.41,27,17.36,20.73,o2,0.3411,0.6588999999999999,o2
s3,147,high,0.35,22,0.2,147,0.45,38,0.24,70,0.3,22,0.46,47,54.2,45.02,o1,0.335,0.56,o2
s3,150,high,0.37,89,0.22,92,0.41,102,0.38,107,0.38,33,0.24,108,94.99,79.12,o1,0.38,0.62,o2
s3,148,high,0.32,32,0.24,108,0.4400000000000001,55,0.23,114,0.35,14,0.42,47,60.36,50.86,o1,0.6356,0.3644,o1
s3,156,high,0.29,90,0.4399999999999999,77,0.27,118,0.41,138,0.38,82,0.2100000000000001,110,91.84,110.84,o2,0.2695,0.7304999999999999,o2
s3,143,high,0.2,23,0.6,71,0.2,46,0.52,40,0.2,139,0.28,67,56.40000000000001,67.36,o2,0.5840000000000001,0.416,o1
s3,151,high,0.2,50,0.27,128,0.53,64,0.34,116,0.36,27,0.2999999999999999,53,78.48,65.06,o1,0.6918,0.30820000000000003,o1
s3,160,high,0.47,9,0.2,27,0.33,115,0.4,24,0.34,38,0.26,66,47.58,39.68,o1,0.41,0.59,o2
s3,144,high,0.27,20,0.36,12,0.37,29,0.25,5,0.31,25,0.44,35,20.45,24.4,o2,0.3647,0.6353,o2
s3,159,high,0.22,5,0.2,85,0.58,64,0.43,60,0.37,42,0.2000000000000001,125,55.22,66.34,o2,0.624,0.3760000000000001,o1
s3,155,high,0.52,36,0.22,41,0.26,91,0.34,72,0.41,48,0.2499999999999999,68,51.4,61.16,o2,0.26,0.7399999999999999,o2
s3,157,high,0.22,34,0.2,115,0.58,94,0.5,89,0.24,79,0.26,28,85,70.74,o1,0.8371999999999999,0.1628,o1
s3,154,high,0.27,14,0.47,140,0.26,121,0.28,131,0.42,120,0.3,111,101.04,120.38,o2,0.6572,0.3428,o1
s3,149,high,0.36,88,0.27,71,0.37,68,0.2,66,0.34,74,0.46,56,76.01,64.12,o1,0.7824,0.2176,o1
s3,153,high,0.22,57,0.47,116,0.3100000000000001,81,0.31,116,0.4,33,0.2899999999999999,94,92.17,76.42,o1,0.5363,0.318,o1
s3,152,high,0.29,51,0.2,112,0.51,47,0.21,61,0.3,31,0.49,59,61.16,51.02,o1,0.44,0.5599999999999999,o2
s3,158,high,0.34,103,0.24,121,0.42,91,0.23,8,0.31,114,0.46,106,102.28,85.94,o1,0.4148,0.5852,o2
